"Search Engines",1713
"Search Engines > Google Search",843
"Search Engines > Google Search > google.com",830
"Search Engines > Google Search > google.lt",5
"Search Engines > Google Search > google.ca",1
"Search Engines > Google Search > google.fr",1
"Search Engines > Google Search > google.nl",1
"Search Engines > Google Search > google.sk",1
"Search Engines > Google Search > google.com.hk",1
"Search Engines > Google Search > google.de",1
"Search Engines > Google Search > google.co.uk",1
"Search Engines > Google Search > google.com.au",1
"Search Engines > MSN",697
"Search Engines > MSN > msn.com",695
"Search Engines > MSN > msn.com/en-us/news/world/russia-world-war-iii-warning-is-code-red-for-survivalists-and-preppers/ar-AA1pAZXZ?ocid=entnewsntp&pc=U531&cvid=2b418b09812d4583a18f20f9e29ea45d&ei=21",1
"Search Engines > MSN > msn.com/en-us/news/world/russia-world-war-iii-warning-is-code-red-for-survivalists-etsyand-preppers/ar-AA1pAZXZ",1
"Search Engines > duckduckgo.com",72
"Search Engines > Bing",65
"Search Engines > Yahoo Search",22
"Search Engines > Yahoo Search > search.yahoo.com",20
"Search Engines > Yahoo Search > r.search.yahoo.com/_ylt=AwrOobg5k.dm.cY0XQI36At.;_ylu=Y29sbwNncTEEcG9zAzEEdnRpZAMEc2VjA3Ny/RV=2/RE=1726481337/RO=10/RU=https%3a%2f%2fcollapsesurvivor.com%2fessential-survival-guide-navigating-the-first-90-days-after-collapse%2f/RK=2/RS=jh66vQOcmsA.yx4L9hm8xxCy1B0-",1
"Search Engines > Yahoo Search > r.search.yahoo.com/_ylt=AwrihdgQ6d5nHAIAuJBXNyoA;_ylu=Y29sbwNiZjEEcG9zAzMEdnRpZAMEc2VjA3Ny/RV=2/RE=1743871505/RO=10/RU=https%3a%2f%2fcollapsesurvivor.com%2f/RK=2/RS=c58waCO7lxi5BUbPBkONeaFRLkM-",1
"Search Engines > Baidu",10
"Search Engines > Yandex",4
"Search Engines > Yandex > yandex.ru",3
"Search Engines > Yandex > yandex.ru",1
"smartnews.com",125
"washingtonexaminer.com",108
"washingtonexaminer.com > /",104
"washingtonexaminer.com > /news/washington-secrets/3181685/hurricanes-political-violence-push-chance-collapse/",2
"washingtonexaminer.com > /news/washington-secrets/3199810/fear-of-election-violence-civil-war-surge/",2
"Facebook",69
"nbcnews.com",62
"nbcnews.com > /",60
"nbcnews.com > /politics/politics-news/election-fears-ignite-preppers-already-planning-catastrophic-unknown-rcna170399",2
"d2.ads.rmbl.ws",21
"fortituderanch.com",15
"youtube.com",15
"youtube.com > /",14
"youtube.com > m.",1
"a-delivery.rmbl.ws",12
"Instagram",11
"overlytech.com",10
"overlytech.com > /",9
"overlytech.com > /",1
"WordPress Android App",9
"WordPress Android App > com.google.android.googlequicksearchbox",5
"WordPress Android App > com.google.android.gm",4
"www-nbcnews-com.cdn.ampproject.org",8
"www-nbcnews-com.cdn.ampproject.org > /v/s/www.nbcnews.com/news/amp/rcna170399?amp_js_v=0.1&usqp=mq331AQIUAKwASCAAgM%3D",3
"www-nbcnews-com.cdn.ampproject.org > /v/s/www.nbcnews.com/news/amp/rcna170399?amp_gsa=1&amp_js_v=a9&usqp=mq331AQIUAKwASCAAgM%3D",3
"www-nbcnews-com.cdn.ampproject.org > /",2
"linkedin.com",5
"l.threads.net",5
"mail.google.com",4
"mokka.corp.google.com",3
"corderdots.com",3
"coloradopolitics.com",2
"us21.campaign-archive.com",2
"tabous.net",2
"gab.com",2
"mailchi.mp",1
"gazette.com",1
"fox.com",1
"cryptopotato.com",1
"ads.rumble.com",1
"textmagic.com",1
"geekandsundry.com",1
"variety.com",1
"simplilearn.com",1
"trafficbroker.com",1
"carsensor.net",1
"johnelliott.com",1
"jilsander.com",1
"socialmediatoday.com",1
"ezlocal.com",1
"yahoo.com/news/election-fears-ignite-preppers-already-110000125.html",1
"internships.com",1
"192.168.17.63",1
"amaxnr.store",1
"christianforums.com",1
"thesurvivalpodcast.com",1
"sandiegouniontribune.com",1
"ops.picrights.com",1
"kaircm.shop",1
"iframe-toloka.com",1
"glt.datamundi.space",1
"aemyler.shop",1
"owler.com",1
"aimbnra.shop",1
"github.com",1
"arcarticle.online",1
"Twitter",1
"url.emailprotection.link",1
"ialgramer.shop",1
"minghaimuyuan.net",1
"novalskincare.net",1
"universityacupuncture.net",1
"pesp.newsfj.net",1
"ecosia.org",1